Mercadona, Calle Antonio López, 115-117 LOC 28026 Madrid
Mercadona,  Camino Viejo de Leganés, 58 28019 Madrid
Mercadona,  San Dalmacio, 2 BAJO(TIENDA) 28021 Madrid
Mercadona,  Av. Santa Eugenia, 10 28031 Madrid
Mercadona,  Aracne, S/N BAJO 28022 Madrid
Mercadona,  Monasterios de Suso y Yuso (Pau Montecarmelo), 34 28049 Madrid
Mercadona,  Martínez de la Riva, 4 BAJO 28053 Madrid
Mercadona,  Latina, 18 BAJO 28047 Madrid
Mercadona,  Bravo Murillo, 327 1-12 28020 Madrid
Mercadona,  Pl. Reyes Magos, S/N BAJO 28007 Madrid
Mercadona,  Villa de Arbancón, S/N BAJO (ESQ.C/RIB.CURTIDORE 28005 Madrid
Mercadona,  Av. Virgen del Carmen, 84 28033 Madrid
Mercadona,  Ángel Múgica, 2 BAJO 28034 Madrid
Mercadona,  Quintanavides, 7 (ESQ. C/ FORESTA 4) 28050 Madrid
Mercadona,  Sinesio Delgado, 44 BAJO 28029 Madrid
Mercadona,  P.º Yeserías, 3-7 BAJO 28005 Madrid
Mercadona,  Pinar de San José, S/N 28054 Madrid
Mercadona,  Irlanda (San Isidro), 2 BAJO 28019 Madrid
Mercadona,  Av. Poblados, 141 BAJO 28024 Madrid
Mercadona,  Av. Pablo Neruda, 91 28018 Madrid
Mercadona,  Andalucía, 20 BAJO 28007 Madrid
Mercadona,  Antonio López, 241 BAJO 28041 Madrid
Mercadona,  Teniente Coronel Noreña, 69 BAJO 28045 Madrid
Mercadona,  Alcocer, 39 BAJO 28021 Madrid
Mercadona,  Serrano, 61 28006 Madrid
Mercadona,  La Adrada, 10 BAJO 28051 Madrid
Mercadona, Calle Butrón, 31 BAJO;BARRIO LA PEINETA 28022 Madrid
Mercadona,  Amós de Escalante, 2 28017 Madrid
Mercadona, Avenida los Rosales, 26 BAJO;NAVEDAIKYN 28021 Madrid
Mercadona,  Av. Victoria, 2 BAJO 28023 Madrid
Mercadona,  Rda. Atocha, 26-30 BAJO 28012 Madrid
Mercadona,  Bernardino de Pantorba (Ensanche de Vallecas), 22 28051 Madrid
Mercadona,  P.º Yeserías, 3-7 BAJO 28005 Madrid
Mercadona,  Adelfas, 38-40 BAJO 28007 Madrid
Mercadona,  Guatemala, 13 28016 Madrid
Mercadona, Calle Butrón, 31 BAJO;BARRIO LA PEINETA 28022 Madrid
Mercadona,  Cardenal Belluga, 10-12 BAJO 28028 Madrid
Mercadona, Carretera Vicalvaro-Estación de O'Donnell, 19 28032 Madrid
Mercadona,  San Enrique, 16 BAJO 28020 Madrid
Mercadona,  Oca, 27-29 BAJO 28025 Madrid
Mercadona,  Manuel Machado, 10 BAJO 28030 Madrid
Mercadona,  Andalucía, 20 BAJO 28007 Madrid
Mercadona,  Alcocer, 39 BAJO 28021 Madrid
Mercadona,  Av. Pablo Neruda, 91 28018 Madrid
Mercadona,  La Adrada, 10 BAJO 28051 Madrid
Mercadona,  Bahía Gando, 1 28042 Madrid
Mercadona,  Serrano, 61 28006 Madrid
Mercadona,  Av. Victoria, 2 BAJO 28023 Madrid
Mercadona,  Antonio López, 241 BAJO 28041 Madrid
Mercadona,  Trav. Pinzón, 7-11 BAJO 28025 Madrid
Mercadona,  Irlanda (San Isidro), 2 BAJO 28019 Madrid
Mercadona,  Arr. las Pilillas, 16 BAJO 28030 Madrid
Mercadona,  Virgen de la Paz, 16 BAJO 28027 Madrid
Mercadona, Calle Higueras, 16 BAJO 28011 Madrid
Mercadona,  Vascos, 29 LOCAL 28040 Madrid
Mercadona,  Peñalara, 15 BAJO 28002 Madrid
Mercadona,  López de Hoyos, 151 28002 Madrid
Mercadona, Avenida Real de Pinto, 91 BAJO;CARRIER ESP 28021 Madrid
Mercadona,  Augustobriga (Pol. Ateinsa), S/N BAJO 28021 Madrid
Mercadona,  Monasterio las Huelgas (Pau Montecarmelo), 17 BAJO 28049 Madrid
Mercadona,  Ferrocarril, 37 28045 Madrid
Mercadona,  P.º Gral. Martínez Campos, 39 BAJO 28010 Madrid
Mercadona,  Secoya, 6 28044 Madrid
Mercadona,  Sinfonía, S/N ESQ. C/ DE LA DANZA 28054 Madrid
Mercadona,  Augustobriga (Pol. Ateinsa), S/N BAJO 28021 Madrid
Mercadona,  Card. Vicente Enrique y Tarancón, 16 28051 Madrid
Mercadona,  Av. Albufera, 153 28038 Madrid
Mercadona,  Vascos, 29 LOCAL 28040 Madrid
Mercadona SA, Avenida Andalucía, 20 BAJO 28021 Madrid
Mercadona SA, Calle Francisco Madariaga, 2 BAJO 28017 Madrid
Mercadona SA, Calle Bravo Murillo, 5 BAJO;LOCAL 28015 Madrid
Mercadona SA, Calle Columba (Vicálvaro), 15 BAJO 28052 Madrid
